<entity-mappings xmlns="http://xmlns.jcp.org/xml/ns/persistence/orm" xmlns:xsi="http://www.w3.org/2001/XMLSchema-instance" 
	xsi:schemaLocation="http://xmlns.jcp.org/xml/ns/persistence http://xmlns.jcp.org/xml/ns/persistence/persistence_2_2.xsd" version="2.2">

	<entity class="shopping.OrderEntity">        
		<table name="orders"/>
		<attributes>
			<id name="orderNo">
				<column name="ord_no"/>
			</id>
			<basic name="orderDate">
				<column name="ord_date"/>
			</basic>
			<basic name="customerId">
				<column name="cust_id"/>
			</basic>
			<basic name="productNo">
				<column name="pno"/>
			</basic>
			<basic name="quantity">
				<column name="qty"/>
			</basic>
		</attributes>
	</entity>

</entity-mappings>

